{
  "classname": null,
  "name": null,
  "animation": {
    "classname": null,
    "name": "AnimationManager",
    "actionlist": []
  },
  "dataScale": 1,
  "designHeight": 320,
  "designWidth": 480,
  "textures": [],
  "version": "1.2.0.1",
  "widgetTree": {
    "classname": "Panel",
    "name": null,
    "children": [
      {
        "classname": "ImageView",
        "name": null,
        "children": [
          {
            "classname": "ImageView",
            "name": null,
            "children": [],
            "options": {
              "__type": "ComGUIImageViewSurrogate:#EditorCommon.JsonModel.Component.GUI",
              "classname": "ImageView",
              "name": "deadTwo",
              "ZOrder": 0,
              "actiontag": 35,
              "anchorPointX": 0.5,
              "anchorPointY": 0.5,
              "classType": null,
              "colorB": 255,
              "colorG": 255,
              "colorR": 255,
              "flipX": false,
              "flipY": false,
              "height": 458,
              "ignoreSize": true,
              "layoutParameter": null,
              "opacity": 255,
              "positionPercentX": -0.05437352,
              "positionPercentY": -0.235294119,
              "positionType": 0,
              "rotation": 0,
              "scaleX": -0.08,
              "scaleY": 0.08,
              "sizePercentX": 0.1891253,
              "sizePercentY": 0.6722689,
              "sizeType": 0,
              "tag": 14,
              "touchAble": false,
              "useMergedTexture": false,
              "visible": false,
              "width": 452,
              "x": -23,
              "y": -28,
              "capInsetsHeight": 0,
              "capInsetsWidth": 0,
              "capInsetsX": 0,
              "capInsetsY": 0,
              "fileName": null,
              "fileNameData": {
                "path": "hat01.png",
                "plistFile": null,
                "resourceType": 0
              },
              "scale9Enable": false,
              "scale9Height": 458,
              "scale9Width": 452
            }
          },
          {
            "classname": "ImageView",
            "name": null,
            "children": [],
            "options": {
              "__type": "ComGUIImageViewSurrogate:#EditorCommon.JsonModel.Component.GUI",
              "classname": "ImageView",
              "name": "lifeOne",
              "ZOrder": 0,
              "actiontag": 33,
              "anchorPointX": 0.5,
              "anchorPointY": 0.5,
              "classType": null,
              "colorB": 255,
              "colorG": 255,
              "colorR": 255,
              "flipX": false,
              "flipY": false,
              "height": 458,
              "ignoreSize": true,
              "layoutParameter": null,
              "opacity": 255,
              "positionPercentX": -0.184397161,
              "positionPercentY": -0.2184874,
              "positionType": 0,
              "rotation": 0,
              "scaleX": -0.07797085,
              "scaleY": 0.0782154351,
              "sizePercentX": 0.1891253,
              "sizePercentY": 0.6722689,
              "sizeType": 0,
              "tag": 11,
              "touchAble": false,
              "useMergedTexture": false,
              "visible": true,
              "width": 452,
              "x": -78,
              "y": -26,
              "capInsetsHeight": 0,
              "capInsetsWidth": 0,
              "capInsetsX": 0,
              "capInsetsY": 0,
              "fileName": null,
              "fileNameData": {
                "path": "hat.png",
                "plistFile": null,
                "resourceType": 0
              },
              "scale9Enable": false,
              "scale9Height": 458,
              "scale9Width": 452
            }
          },
          {
            "classname": "ImageView",
            "name": null,
            "children": [],
            "options": {
              "__type": "ComGUIImageViewSurrogate:#EditorCommon.JsonModel.Component.GUI",
              "classname": "ImageView",
              "name": "head",
              "ZOrder": 2,
              "actiontag": 32,
              "anchorPointX": 0.5,
              "anchorPointY": 0.5,
              "classType": null,
              "colorB": 255,
              "colorG": 255,
              "colorR": 255,
              "flipX": false,
              "flipY": false,
              "height": 458,
              "ignoreSize": true,
              "layoutParameter": null,
              "opacity": 255,
              "positionPercentX": -0.34515366,
              "positionPercentY": 0.243697479,
              "positionType": 0,
              "rotation": 0,
              "scaleX": -0.20352222,
              "scaleY": 0.2195388,
              "sizePercentX": 0.1891253,
              "sizePercentY": 0.6722689,
              "sizeType": 0,
              "tag": 11,
              "touchAble": false,
              "useMergedTexture": false,
              "visible": true,
              "width": 452,
              "x": -146,
              "y": 29,
              "capInsetsHeight": 0,
              "capInsetsWidth": 0,
              "capInsetsX": 0,
              "capInsetsY": 0,
              "fileName": null,
              "fileNameData": {
                "path": "hat.png",
                "plistFile": null,
                "resourceType": 0
              },
              "scale9Enable": false,
              "scale9Height": 458,
              "scale9Width": 452
            }
          },
          {
            "classname": "LoadingBar",
            "name": null,
            "children": [],
            "options": {
              "__type": "ComGUILoadingBarSurrogate:#EditorCommon.JsonModel.Component.GUI",
              "classname": "LoadingBar",
              "name": "redBar",
              "ZOrder": 0,
              "actiontag": 24,
              "anchorPointX": 0.5,
              "anchorPointY": 0.5,
              "classType": null,
              "colorB": 255,
              "colorG": 255,
              "colorR": 255,
              "flipX": false,
              "flipY": false,
              "height": 25,
              "ignoreSize": true,
              "layoutParameter": null,
              "opacity": 255,
              "positionPercentX": 0.09219858,
              "positionPercentY": 0.117647059,
              "positionType": 0,
              "rotation": 0,
              "scaleX": 1,
              "scaleY": 1,
              "sizePercentX": 0.827423155,
              "sizePercentY": 0.201680675,
              "sizeType": 0,
              "tag": 4,
              "touchAble": false,
              "useMergedTexture": false,
              "visible": true,
              "width": 289,
              "x": 39,
              "y": 14,
              "capInsetsHeight": 0,
              "capInsetsWidth": 0,
              "capInsetsX": 0,
              "capInsetsY": 0,
              "direction": 0,
              "percent": 100,
              "scale9Enable": false,
              "texture": null,
              "textureData": {
                "path": "BLOOD-RED.png",
                "plistFile": null,
                "resourceType": 0
              }
            }
          },
          {
            "classname": "ImageView",
            "name": null,
            "children": [],
            "options": {
              "__type": "ComGUIImageViewSurrogate:#EditorCommon.JsonModel.Component.GUI",
              "classname": "ImageView",
              "name": "lifeTwo",
              "ZOrder": 0,
              "actiontag": 31,
              "anchorPointX": 0.5,
              "anchorPointY": 0.5,
              "classType": null,
              "colorB": 255,
              "colorG": 255,
              "colorR": 255,
              "flipX": false,
              "flipY": false,
              "height": 458,
              "ignoreSize": true,
              "layoutParameter": null,
              "opacity": 255,
              "positionPercentX": -0.05437352,
              "positionPercentY": -0.235294119,
              "positionType": 0,
              "rotation": 0,
              "scaleX": -0.07797085,
              "scaleY": 0.0782154351,
              "sizePercentX": 0.1891253,
              "sizePercentY": 0.6722689,
              "sizeType": 0,
              "tag": 11,
              "touchAble": false,
              "useMergedTexture": false,
              "visible": true,
              "width": 452,
              "x": -23,
              "y": -28,
              "capInsetsHeight": 0,
              "capInsetsWidth": 0,
              "capInsetsX": 0,
              "capInsetsY": 0,
              "fileName": null,
              "fileNameData": {
                "path": "hat.png",
                "plistFile": null,
                "resourceType": 0
              },
              "scale9Enable": false,
              "scale9Height": 458,
              "scale9Width": 452
            }
          },
          {
            "classname": "ImageView",
            "name": null,
            "children": [],
            "options": {
              "__type": "ComGUIImageViewSurrogate:#EditorCommon.JsonModel.Component.GUI",
              "classname": "ImageView",
              "name": "deadOne",
              "ZOrder": 0,
              "actiontag": 34,
              "anchorPointX": 0.5,
              "anchorPointY": 0.5,
              "classType": null,
              "colorB": 255,
              "colorG": 255,
              "colorR": 255,
              "flipX": false,
              "flipY": false,
              "height": 458,
              "ignoreSize": true,
              "layoutParameter": null,
              "opacity": 255,
              "positionPercentX": -0.184397161,
              "positionPercentY": -0.226890758,
              "positionType": 0,
              "rotation": 0,
              "scaleX": -0.08,
              "scaleY": 0.08,
              "sizePercentX": 0.1891253,
              "sizePercentY": 0.6722689,
              "sizeType": 0,
              "tag": 14,
              "touchAble": false,
              "useMergedTexture": false,
              "visible": false,
              "width": 452,
              "x": -78,
              "y": -27,
              "capInsetsHeight": 0,
              "capInsetsWidth": 0,
              "capInsetsX": 0,
              "capInsetsY": 0,
              "fileName": null,
              "fileNameData": {
                "path": "hat01.png",
                "plistFile": null,
                "resourceType": 0
              },
              "scale9Enable": false,
              "scale9Height": 458,
              "scale9Width": 452
            }
          },
          {
            "classname": "LoadingBar",
            "name": null,
            "children": [],
            "options": {
              "__type": "ComGUILoadingBarSurrogate:#EditorCommon.JsonModel.Component.GUI",
              "classname": "LoadingBar",
              "name": "blueBar",
              "ZOrder": 0,
              "actiontag": 36,
              "anchorPointX": 0.5,
              "anchorPointY": 0.5,
              "classType": null,
              "colorB": 255,
              "colorG": 255,
              "colorR": 255,
              "flipX": false,
              "flipY": false,
              "height": 19,
              "ignoreSize": true,
              "layoutParameter": null,
              "opacity": 255,
              "positionPercentX": 0.264775425,
              "positionPercentY": -0.0672268942,
              "positionType": 0,
              "rotation": 0,
              "scaleX": 1,
              "scaleY": 1,
              "sizePercentX": 0.827423155,
              "sizePercentY": 0.201680675,
              "sizeType": 0,
              "tag": 16,
              "touchAble": false,
              "useMergedTexture": false,
              "visible": true,
              "width": 187,
              "x": 112,
              "y": -8,
              "capInsetsHeight": 0,
              "capInsetsWidth": 0,
              "capInsetsX": 0,
              "capInsetsY": 0,
              "direction": 0,
              "percent": 100,
              "scale9Enable": false,
              "texture": null,
              "textureData": {
                "path": "BLOOD-BLUE.png",
                "plistFile": null,
                "resourceType": 0
              }
            }
          },
          {
            "classname": "ImageView",
            "name": null,
            "children": [],
            "options": {
              "__type": "ComGUIImageViewSurrogate:#EditorCommon.JsonModel.Component.GUI",
              "classname": "ImageView",
              "name": "weapon",
              "ZOrder": 0,
              "actiontag": 39,
              "anchorPointX": 0.5,
              "anchorPointY": 0.5,
              "classType": null,
              "colorB": 255,
              "colorG": 255,
              "colorR": 255,
              "flipX": false,
              "flipY": false,
              "height": 479,
              "ignoreSize": true,
              "layoutParameter": null,
              "opacity": 255,
              "positionPercentX": -0.418439716,
              "positionPercentY": -0.3697479,
              "positionType": 0,
              "rotation": 90,
              "scaleX": -0.1,
              "scaleY": 0.1,
              "sizePercentX": 0.1891253,
              "sizePercentY": 0.6722689,
              "sizeType": 0,
              "tag": 19,
              "touchAble": false,
              "useMergedTexture": false,
              "visible": true,
              "width": 247,
              "x": -177,
              "y": -44,
              "capInsetsHeight": 0,
              "capInsetsWidth": 0,
              "capInsetsX": 0,
              "capInsetsY": 0,
              "fileName": null,
              "fileNameData": {
                "path": "gun.png",
                "plistFile": null,
                "resourceType": 0
              },
              "scale9Enable": false,
              "scale9Height": 479,
              "scale9Width": 247
            }
          }
        ],
        "options": {
          "__type": "ComGUIImageViewSurrogate:#EditorCommon.JsonModel.Component.GUI",
          "classname": "ImageView",
          "name": "ImageView",
          "ZOrder": 2,
          "actiontag": 23,
          "anchorPointX": 0.5,
          "anchorPointY": 0.5,
          "classType": null,
          "colorB": 255,
          "colorG": 255,
          "colorR": 255,
          "flipX": false,
          "flipY": false,
          "height": 119,
          "ignoreSize": true,
          "layoutParameter": null,
          "opacity": 255,
          "positionPercentX": 0.483333319,
          "positionPercentY": 0.725,
          "positionType": 0,
          "rotation": 0,
          "scaleX": 1,
          "scaleY": 1,
          "sizePercentX": 0.166666672,
          "sizePercentY": 0.25,
          "sizeType": 0,
          "tag": 3,
          "touchAble": false,
          "useMergedTexture": false,
          "visible": true,
          "width": 423,
          "x": 232,
          "y": 232,
          "capInsetsHeight": 0,
          "capInsetsWidth": 0,
          "capInsetsX": 0,
          "capInsetsY": 0,
          "fileName": null,
          "fileNameData": {
            "path": "BLOOD-1.png",
            "plistFile": null,
            "resourceType": 0
          },
          "scale9Enable": false,
          "scale9Height": 119,
          "scale9Width": 423
        }
      }
    ],
    "options": {
      "__type": "ComGUIPanelSurrogate:#EditorCommon.JsonModel.Component.GUI",
      "classname": "Panel",
      "name": "Panel",
      "ZOrder": 0,
      "actiontag": -1,
      "anchorPointX": 0,
      "anchorPointY": 0,
      "classType": null,
      "colorB": 255,
      "colorG": 255,
      "colorR": 255,
      "flipX": false,
      "flipY": false,
      "height": 320,
      "ignoreSize": false,
      "layoutParameter": null,
      "opacity": 255,
      "positionPercentX": 0,
      "positionPercentY": 0,
      "positionType": 0,
      "rotation": 0,
      "scaleX": 1,
      "scaleY": 1,
      "sizePercentX": 0,
      "sizePercentY": 0,
      "sizeType": 0,
      "tag": 1,
      "touchAble": false,
      "useMergedTexture": false,
      "visible": true,
      "width": 480,
      "x": 0,
      "y": 0,
      "backGroundImage": null,
      "backGroundImageData": null,
      "backGroundScale9Enable": false,
      "bgColorB": 255,
      "bgColorG": 200,
      "bgColorOpacity": 0,
      "bgColorR": 150,
      "bgEndColorB": 255,
      "bgEndColorG": 0,
      "bgEndColorR": 0,
      "bgStartColorB": 255,
      "bgStartColorG": 255,
      "bgStartColorR": 255,
      "capInsetsHeight": 0,
      "capInsetsWidth": 0,
      "capInsetsX": 0,
      "capInsetsY": 0,
      "clipAble": false,
      "colorType": 1,
      "layoutType": 0,
      "vectorX": 0,
      "vectorY": -0.5
    }
  }
}